{
  "model_name": "/mnt/second/yuanmengying/qwen3-8b",
  "deploy_type": "huggingface",
  "inference_time": "2025-12-22T02:07:22.166415",
  "test_size": 900,
  "valid_predictions": 900,
  "use_zh_prompt": false,
  "detailed_metrics": {
    "accuracy": 0.23666666666666666,
    "macro_precision": 0.46977084349098003,
    "macro_recall": 0.49606997971602435,
    "macro_f1": 0.20374598685659315,
    "no_hallucination": {
      "precision": 0.7142857142857143,
      "recall": 0.021551724137931036,
      "f1_score": 0.04184100418410042,
      "support": 696
    },
    "hallucination": {
      "precision": 0.22525597269624573,
      "recall": 0.9705882352941176,
      "f1_score": 0.3656509695290859,
      "support": 204
    },
    "confusion_matrix": {
      "true_negatives": 15,
      "false_positives": 681,
      "false_negatives": 6,
      "true_positives": 198
    },
    "specificity": 0.021551724137931036,
    "sensitivity": 0.9705882352941176,
    "false_positive_rate": 0.978448275862069,
    "false_negative_rate": 0.029411764705882353
  },
  "classification_report": {
    "No Hallucination": {
      "precision": 0.7142857142857143,
      "recall": 0.021551724137931036,
      "f1-score": 0.04184100418410042,
      "support": 696.0
    },
    "Hallucination": {
      "precision": 0.22525597269624573,
      "recall": 0.9705882352941176,
      "f1-score": 0.3656509695290859,
      "support": 204.0
    },
    "accuracy": 0.23666666666666666,
    "macro avg": {
      "precision": 0.46977084349098003,
      "recall": 0.49606997971602435,
      "f1-score": 0.20374598685659315,
      "support": 900.0
    },
    "weighted avg": {
      "precision": 0.6034389728587681,
      "recall": 0.23666666666666666,
      "f1-score": 0.11523792966229712,
      "support": 900.0
    }
  }
}